{
  "bannerData": {
    "heading": "Build Your Student Profile",
    "subHeading": "Your Future Resume",
    "btnTxt": "Start Building Your Profile"
  },
  "breadcrumb": [
    {
      "text": "Home",
      "path": "/"
    },
    {
      "text": "Build your Student Profile"
    }
  ],
  "contentHeading": "Start Preparing for your Dream Job!",
  "headingColor": "rgb(59, 196, 255)",
  "profileContent": [
    {
      "heading": "Make your profile visible to employers.",
      "bulletpoints": [
        "Publish your profile to GoEducate Workforce Exchange and get recruited by employers who want to hire students like you.",
        "Employers will be able to find you, communicate, and connect directly with you for career opportunities."
      ],
      "images": [
        "https://res.cloudinary.com/goeducate-inc/image/upload/q_auto/gps-graphics/banner/makeprofile_m90yu7.png",
        "https://res.cloudinary.com/goeducate-inc/image/upload/q_auto/gps-graphics/semicircles_u7u3kd.png"
      ]
    },
    {
      "heading": "Find Full-time. Part-time. Paid internships.",
      "bulletpoints": [
        "Apply to jobs, internships, and apprenticeships from employers hiring at your school.",
        "GoEducate partners with local employers and businesses to help students find great jobs."
      ],
      "images": [
        "https://res.cloudinary.com/goeducate-inc/image/upload/q_auto/gps-graphics/banner/findintern_ztilef.jpg"
      ]
    },
    {
      "heading": "Tell people what you’re good at.",
      "bulletpoints": [
        "Build a skills profile and showcase your employability skills essential for successful workforce performance.",
        "Your employability skills will help you impress potential employers and improve your chances of landing the job you want."
      ],
      "images": [
        "https://res.cloudinary.com/goeducate-inc/image/upload/q_auto/gps-graphics/banner/tellpeople_nsgcdh.jpg",
        "https://res.cloudinary.com/goeducate-inc/image/upload/q_auto/gps-graphics/semicircles_u7u3kd.png"
      ]
    }
  ],
  "startBuildingProfileData": {
    "heading": "Let’s get started",
    "btnTxt": "Start Building Your Profile"
  }
}
