{
  "bannerData": {
    "heading": "Discover Career Interests",
    "subHeading": "Not Sure? Take the",
    "btnTxt": "Career Interest Survey"
  },
  "breadcrumb": [
    {
      "text": "Home",
      "path": "/"
    },
    {
      "text": "Discover Career Interests"
    }
  ],
  "headingContent": {
    "heading": "Explore and get familiar withindustries, career pathways, and high paying job opportunities.",
    "description": "If you’re trying to figure out what you want to do for the rest of your life, figuring out what it is that you’re good at, this is a great place to start.",
    "image": "https://res.cloudinary.com/goeducate-inc/image/upload/q_auto/gps-graphics/banner/survey_big_govg5t.jpg"
  },
  "surveyQuestion": "What you will take away from this survey?",
  "surveyContent": [
    {
      "text": "The GoEducate Career Interest Survey can help you find out what your interests are and how they relate to the world of work.",
      "image": "https://res.cloudinary.com/goeducate-inc/image/upload/q_auto/gps-graphics/banner/survey_1_wuexor.jpg"
    },
    {
      "text": "The GoEducate Career Interest Survey helps you decide on the career choices you might want to pursue.",
      "image": "https://res.cloudinary.com/goeducate-inc/image/upload/q_auto/gps-graphics/banner/survey_2_ewueru.jpg"
    },
    {
      "text": "At the end of the survey, you will see a list of career pathways that are a good match for your interests.",
      "image": "https://res.cloudinary.com/goeducate-inc/image/upload/q_auto/gps-graphics/banner/survey_3_l6kbbh.jpg"
    }
  ],
  "takeSurvey": {
    "heading": "Career Interest Survey",
    "timeRequiredText": "Approximate Time Required: 5 - 10 mins",
    "btnText": "Take the Survey"
  },
  "disclaimer": "Disclaimer: This survey does not make any claims of statistical reliability and has not been normed. It is intended for use as a guidance tool to generate discussion regarding careers and is valid for that purpose."
}
