{
  "bannerData": {
    "heading": "Find Your Future Workforce",
    "subHeading": "Make meaningful connections while engaging with student talent that align with your organization",
    "btnTxt": "Become a Partner",
    "image": "https://res.cloudinary.com/goeducate-inc/image/upload/q_auto/gps-graphics/banner/partner_banner_vzfjqp.jpg"
  },
  "breadcrumb": [
    {
      "text": "Home",
      "path": "/"
    },
    {
      "text": "Become an Education Partner"
    }
  ],
  "partnerContent": [
    {
      "heading": "Promote Programs in a Completely New Way",
      "description": "Education partners have instant access to an impactful way of marketing and building program awareness around skills-based pathways, courses and programs to learners.",
      "subSection": [
        {
          "heading": "Skills-Centric Curriculum",
          "image": "https://res.cloudinary.com/goeducate-inc/image/upload/v1643011981/gps-graphics/banner/sklillscentric_a0ckcp.png",
          "description": "Create courses, programs and pathways focused on teaching in-demand skills that regional and national employers require for job placement."
        },
        {
          "heading": "Student Management",
          "image": "https://res.cloudinary.com/goeducate-inc/image/upload/v1643011982/gps-graphics/banner/studentmgmt_mkpihs.png",
          "description": "Keep track of prospective and current student progress through onboarding, academic planning and advising, program implementation and workforce transition."
        },
        {
          "heading": "Program & Course Publisher",
          "image": "https://res.cloudinary.com/goeducate-inc/image/upload/v1643011981/gps-graphics/banner/programcoursepublisher_shepxq.png",
          "description": "Manage and publish CTE, courses and academic pathways while engaging and equipping learners for workforce readiness."
        }
      ]
    },
    {
      "heading": "Less Time Managing, More Time Teaching",
      "description": "Easily manage your entire faculty and student body, while gaining the data and insights needed to make your institution highly competitive and attractive to all learners and employers.",
      "subSection": [
        {
          "heading": "Program & Course Management",
          "image": "https://res.cloudinary.com/goeducate-inc/image/upload/v1643011981/gps-graphics/banner/programcoursemanagement_fmiiwq.png",
          "description": "Easily edit, manage, search and publish relevant course information ranging from catalog information to expected learning outcomes."
        },
        {
          "heading": "Analytics and Reports",
          "image": "https://res.cloudinary.com/goeducate-inc/image/upload/v1643011981/gps-graphics/banner/analyticsreports_qyqcyv.png",
          "description": "Quickly access pathway, course and student metrics in easy-to-read dashboards, and export reports for advanced analytics and data integration."
        },
        {
          "heading": "Admin Management",
          "image": "https://res.cloudinary.com/goeducate-inc/image/upload/v1643011981/gps-graphics/banner/adminmgmt_ivp4oj.png",
          "description": "Control administrators, faculty and other user roles and permissions so that everyone has the right access to the tools they need."
        }
      ]
    }
  ],
  "additionalContent": {
    "heading": "Reach future learners with GoEducate",
    "subHeading": "Interested in becoming a GoEducate Education Partner?",
    "description": "Request Partner Access below, and learn more about how your institution can engage with prospective and current students through GoEducate’s Partner Portal platform.",
    "btnTxt": "Request Partner Access"
  },

  "welcomeAboardModal": {
    "heading": "Welcome Aboard",
    "description": "We are thrilled to have you as a partner. To get started, we'll need to know a bit more about your company, organization or business. Please fill out and submit the following information.",
    "submitBtn": "Submit",
    "formData": [
      {
        "label": "Institution Name",
        "placeholder": "Enter Institution Name"
      },
      {
        "label": "Institution Address",
        "placeholder": "Enter Institution Address"
      },
      {
        "label": "Institution Website",
        "placeholder": "Enter Institution Website"
      },
      {
        "label": "Institution Point of Contact Name",
        "placeholder": ["Enter First Name", "Enter Last Name"]
      },
      {
        "label": "Institution Point of Contact Email",
        "placeholder": "Enter Point of Contact Email"
      },
      {
        "label": "Name of Accrediting Organization",
        "placeholder": "Enter Name of Accrediting Organization"
      }
    ]
  }
}
