{
  "bannerData": {
    "heading": "Find Your Future Workforce",
    "subHeading": "Make meaningful connections while engaging with student talent that align with your organization",
    "btnTxt": "Become a Partner",
    "image": "https://res.cloudinary.com/goeducate-inc/image/upload/q_auto/gps-graphics/banner/partner_banner_vzfjqp.jpg"
  },
  "breadcrumb": [
    {
      "text": "Home",
      "path": "/"
    },
    {
      "text": "Become an Employer Partner"
    }
  ],
  "partnerContent": [
    {
      "heading": "Meet Students Where They Are",
      "description": "Find your next perfect hire by accessing thousands of student candidates from universities and colleges around the world, trained in exactly the skills you enquire.",
      "subSection": [
        {
          "heading": "Student Exchange",
          "image": "https://res.cloudinary.com/goeducate-inc/image/upload/q_auto/gps-graphics/banner/studentexchange_w4w2rx.png",
          "description": "Get direct access to a highly-qualified pool of career-ready students and recent grads matching your profile requirements."
        },
        {
          "heading": "Targeted Search",
          "image": "https://res.cloudinary.com/goeducate-inc/image/upload/q_auto/gps-graphics/banner/targetsearch_c73cud.png",
          "description": "Create your ideal student profile with our advanced filtering, enabling your organization to find the right candidate who meets your qualifications."
        },
        {
          "heading": "Student Communication",
          "image": "https://res.cloudinary.com/goeducate-inc/image/upload/q_auto/gps-graphics/banner/studetcommunication_rfj43s.png",
          "description": "Connect with students and send messages to candidates of interest directly."
        }
      ]
    },
    {
      "heading": "User-Friendly Partner Portal",
      "description": "Manage your on-campus presence, recruiting, and event activities, while candidate profiles are delivered automatically to your Dashboard",
      "subSection": [
        {
          "heading": "Company Profile Page",
          "image": "https://res.cloudinary.com/goeducate-inc/image/upload/q_auto/gps-graphics/banner/companyprofile_etlnqk.png",
          "description": "Create a unique company profile visible to students and campuses, and stand out from the crowd"
        },
        {
          "heading": "Workforce Management",
          "image": "https://res.cloudinary.com/goeducate-inc/image/upload/q_auto/gps-graphics/banner/workforcemanagement_wababk.png",
          "description": "Publish and manage multiple programs including apprenticeships, internships, jobs and track responses"
        },
        {
          "heading": "Event Management",
          "image": "https://res.cloudinary.com/goeducate-inc/image/upload/q_auto/gps-graphics/banner/eventmanagement_fski2s.png",
          "description": "Create, share, and let students register for your company events through GoEducate’s platform."
        }
      ]
    }
  ],
  "additionalContent": {
    "heading": "Find your future workforce with GoEducate",
    "subHeading": "Interested in becoming a GoEducate Business Partner?",
    "description": "Request Partner Access below, and learn more about how your organization can engage with students and institutions through GoEducate’s Partner Portal platform.",
    "btnTxt": "Request Partner Access"
  },

  "welcomeAboardModal": {
    "heading": "Welcome Aboard",
    "description": "We are thrilled to have you as a partner. To get started, we'll need to know a bit more about your company, organization or business. Please fill out and submit the following information.",
    "submitBtn": "Submit",
    "formData": [
      {
        "label": "Company Name",
        "placeholder": "Enter Company Name"
      },
      {
        "label": "Company Address",
        "placeholder": "Enter Company Address"
      },
      {
        "label": "Company Website",
        "placeholder": "Enter Company Website"
      },
      {
        "label": "Company Point of Contact Name",
        "placeholder": ["Enter First Name", "Enter Last Name"]
      },
      {
        "label": "Company Point of Contact Email",
        "placeholder": "Enter Point of Contact Email"
      },
      {
        "label": "Business Registration Number",
        "placeholder": "Enter Business Registration Number"
      }
    ]
  }
}
