{
  "breadcrumb": [
    {
      "text": "Home",
      "path": "/"
    },
    {
      "text": "Explore Programs"
    }
  ],

  "carousel": {
    "leftArrow": {
      "img": "https://res.cloudinary.com/goeducate-inc/image/upload/q_auto/gps-graphics/icons/arrowleft_w0grga.svg",
      "altText": "left-arrow"
    },
    "rightArrow": {
      "img": "https://res.cloudinary.com/goeducate-inc/image/upload/q_auto/gps-graphics/icons/arrowright_zv59ya.svg",
      "altText": "right-arrow"
    }
  },

  "programByCareer": {
    "heading": "Programs by Career"
  },

  "newestPrograms": {
    "heading": "Newest Programs",
    "viewAllBtn": {
      "text": "VIEW ALL",
      "path": "/search?newest_path=true"
    },
    "certifiedIcon": "https://res.cloudinary.com/goeducate-inc/image/upload/q_auto/gps-graphics/icons/certificatetickicon_qfufkb.svg",
    "defaultCardImg": "https://res.cloudinary.com/goeducate-inc/image/upload/searchresultdefault_new_oznis2.svg"
  }
}
