{
  "bannerData": {
    "title": "Find Opportunities",
    "subTitle": "Explore and Connect with Companies"
  },
  "breadcrumbData": [
    {
      "text": "Home",
      "path": "/"
    },
    {
      "text": "Find Opportunities"
    }
  ],
  "filtersFormStaticData": {
    "heading": "Filter By",
    "radioListLabels": [
      {"key": "job_boards", "label": "National"},
      {"key": "local_jobs", "label": "Local Employers"}
    ],
    "LocalFormData": [
      {
        "label": "Company",
        "placeholder": "Search By Company"
      },
      {
        "label": "Location",
        "placeholder": "Search By City, State Or Zip"
      }
    ],
    "NationalFormData": [
      {
        "label": "Select Career",
        "placeholder": "Select Career"
      },
      {
        "label": "Work Location",
        "placeholder": "Work Location"
      },
      {
        "label": "Title",
        "placeholder": "Search By Title"
      },
      {
        "label": "Company",
        "placeholder": "Search By Company"
      },
      {
        "label": "Location",
        "placeholder": "Search By City, State Or Zip"
      }
    ],
    "searchBtnTxt": "Search",
    "resetFilterBtnTxt": "Reset Filter",
    "applyBtnTxt": "Apply",
    "closeBtnTxt": "Close"
  }
}
