{
  "logoImageSrc": "https://res.cloudinary.com/goeducate-inc/image/upload/q_auto/gps-graphics/goeducate_new_qzssgd.svg",
  "headerData": {
    "aboutPath": "https://www.goeducate.io",
    "signInText": "Sign In"
  },
  "bannerData": {
    "heading": "Welcome to Your Opportunity Portal",
    "description": "The Education to Employment Marketplace"
  },

  "pageHeading": "We Connect the Dots.",
  "cardsData": [
    {
      "heading": "Students",
      "description": "Connect Learning to Employment",
      "btnText": "Search Courses and Programs",
      "selectedColor": "rgb(212, 119, 153)",
      "hoverBoxShadow": "rgb(212, 119, 153) 0px 0px 0px 1px, rgb(195, 182, 245) 0px 0px 10px 1px",
      "imageSrc": "https://res.cloudinary.com/goeducate-inc/image/upload/q_auto/gps-graphics/banner/h_job_seeker_k690l7.svg",
      "subCardsData": [
        {
          "heading": "Explore  Programs",
          "description": "Learn more about careers and their associated learning paths.",
          "imageSrc": "https://res.cloudinary.com/goeducate-inc/image/upload/q_auto/gps-graphics/banner/h_explore_programs_cpohux.svg"
        },
        {
          "heading": "Check Out  Careers",
          "description": "Search and discover careers by what interests you the most.",
          "imageSrc": "https://res.cloudinary.com/goeducate-inc/image/upload/q_auto/gps-graphics/banner/h_checkout_careers_ob0hzi.svg"
        },
        {
          "heading": "Discover Your Interests",
          "description": "Take our career interest survey and map out your path to success.",
          "imageSrc": "https://res.cloudinary.com/goeducate-inc/image/upload/q_auto/gps-graphics/banner/h_discover_interests_ji1rgj.svg"
        }
      ]
    },
    {
      "heading": "Job seekers",
      "description": "Connect Skills to Employment",
      "btnText": "Find Careers and Companies",
      "selectedColor": "rgb(123, 96, 223)",
      "hoverBoxShadow": "rgb(123, 96, 223) 0px 0px 0px 1px, rgb(195, 182, 245) 0px 0px 10px 1px",
      "imageSrc": "https://res.cloudinary.com/goeducate-inc/image/upload/q_auto/gps-graphics/banner/h_student_zwbhfl.svg",
      "subCardsData": [
        {
          "heading": "Find  Opportunities",
          "description": "Search for job openings by zipcode, salary, growth trends and local market demand.",
          "imageSrc": "https://res.cloudinary.com/goeducate-inc/image/upload/q_auto/gps-graphics/banner/h_find_open_jobs_l6wrvp.svg"
        },
        {
          "heading": "Build a Marketable  Profile",
          "description": "Identify your skills and publish a marketable profile.",
          "imageSrc": "https://res.cloudinary.com/goeducate-inc/image/upload/q_auto/gps-graphics/banner/h_marketable_profile_x5eqq3.svg"
        },
        {
          "heading": "Search  Events",
          "description": "Discover job fairs, employer presentations and workshops.",
          "imageSrc": "https://res.cloudinary.com/goeducate-inc/image/upload/q_auto/gps-graphics/banner/h_search_events_yqw9wf.svg"
        }
      ]
    },
    {
      "heading": "Education and Employers",
      "description": "Connect Education With Employment",
      "btnText": "Reach Learners and Job Seekers",
      "selectedColor": "rgb(49, 193, 241)",
      "hoverBoxShadow": "rgb(49, 193, 241) 0px 0px 0px 1px, rgb(195, 182, 245) 0px 0px 10px 1px",
      "imageSrc": "https://res.cloudinary.com/goeducate-inc/image/upload/q_auto/gps-graphics/banner/i_am_a_partner_lph4lr.svg",
      "subCardsData": [
        {
          "heading": "Become an  Employer Partner",
          "description": "Create a partner landing page, and connect with students and the future workforce in an entirely new way.",
          "imageSrc": "https://res.cloudinary.com/goeducate-inc/image/upload/q_auto/gps-graphics/banner/employer_partner_pvl7wa.svg"
        },
        {
          "heading": " Education   Partners",
          "description": "Launch pathway programs that build diverse student and talent pipelines to meet enrollment and labor demand.",
          "imageSrc": "https://res.cloudinary.com/goeducate-inc/image/upload/q_auto/gps-graphics/banner/Education_PARTNER_j4ooqf.svg"
        }
      ]
    }
  ],

  "resourcesTxt": "RESOURCES",
  "aboutTxt": "ABOUT",
  "aboutPath": "https://www.goeducate.io",
  "resourcesLinks": [
    {
      "title": "Explore Programs",
      "path": "/directory"
    },
    {
      "title": "Discover Your Interests",
      "path": "/survey"
    },
    {
      "title": "Build a Marketable Profile",
      "path": "/build/student-profile"
    },
    {
      "title": "Search Events",
      "path": "/events"
    },
    {
      "title": "Check Out Careers",
      "path": "/occupations"
    },
    {
      "title": "Find Opportunities",
      "path": "/business-partners"
    },
    {
      "title": "Become an Employer Partner",
      "path": "/business-partners/apply?partnerType=employer"
    },
    {
      "title": "Become an Education Partner",
      "path": "/business-partners/apply?partnerType=educator"
    },
    {
      "title": "About",
      "path": "https://www.goeducate.io",
      "target": "_blank"
    }
  ],

  "footerData": {
    "description": "GoEducate is an open marketplace with built-in tools that connect ALL learners and job seekers to career pathways, in-demand skills and workforce opportunities. For employers and institutions, engage with your future hires and students in an entirely new way.",
    "connectText": "LET’S STAY CONNECTED",
    "connectOptions": [
      {
        "path": "https://www.linkedin.com/company/goeducate/",
        "iconName": "linkedin",
        "imageSrc": "https://res.cloudinary.com/goeducate-inc/image/upload/q_auto/gps-graphics/icons/linkedin_rnchgt.svg"
      },
      {
        "path": "https://www.instagram.com/goeducateinc/",
        "iconName": "instagram",
        "imageSrc": "https://res.cloudinary.com/goeducate-inc/image/upload/q_auto/gps-graphics/icons/instagram_mdvl3g.svg"
      },
      {
        "path": "https://www.facebook.com/GoEducate-Inc-130365025434596",
        "iconName": "facebook",
        "imageSrc": "https://res.cloudinary.com/goeducate-inc/image/upload/q_auto/gps-graphics/icons/facebook_a7gfpm.svg"
      }
    ],
    "copyrightText": "© GoEducate, Inc. All rights reserved. | Austin, TX | Terms of Use | Privacy Policy",
    "termsOfUsePath": "/terms-of-use",
    "privacyPolicyPath": "/privacy-policy"
  },

  "globalSearch": {
    "placeHolder": "Search for program, skill or career"
  }
}
