{
  "logo": "https://res.cloudinary.com/goeducate-inc/image/upload/q_auto/gps-graphics/goeducate_white_new_qjflme.svg",
  "banner": {
    "image": "https://res.cloudinary.com/goeducate-inc/image/upload/q_auto/gps-graphics/signinbg_imc9zc.jpg",
    "heading": "Explore Careers, Learn Skills, Get Jobs",
    "poweredBy": "Powered by : "
  },

  "switchTabs": ["Sign In", "Sign Up"],

  "signInForm": [
    {
      "placeholder": "Email",
      "inputType": "text"
    },
    {
      "placeholder": "Password",
      "inputType": "password"
    }
  ],

  "signUpForm": [
    {
      "placeholder": "First Name"
    },
    {
      "placeholder": "Last Name"
    },
    {
      "placeholder": "Email"
    }
  ],
  "agreeTermsCondTxt": "I agree with Terms & Conditions",

  "termsPrivacy": [
    {
      "text": "Terms of Use",
      "href": "/terms-of-use",
      "target": "_blank"
    },
    {
      "text": "Privacy Policy",
      "href": "/privacy-policy",
      "target": "_blank"
    }
  ],

  "rememberMeTxt": "Remember me",
  "forgotPassTxt": "Forgot password?",

  "forgotPasswordModal": {
    "heading": "Forgot your password",
    "description": "Enter your email address below and we'll send you password reset instructions.",
    "emailForm": {
      "label": "Email",
      "placeholder": "Enter Email Address"
    },
    "returnToLoginBtn": "Return To Login Page",
    "submitBtn": "Submit"
  },

  "dropdownMenu": [
    {
      "text": "View Dashboard",
      "path": "/settings"
    },
    {
      "text": "Logout"
    }
  ],
  "defaultProfileImage": "https://res.cloudinary.com/goeducate-inc/image/upload/q_auto/gps-graphics/avatarblack_tcinoc.png",
  "profileImageBasepath": "https://res.cloudinary.com/goeducate-inc/image/upload/ar_5:6,c_thumb,g_face:auto,h_100,q_100,r_max,w_100/d_profile_default_htkxlw.png/",

  "resetPassModal": {
    "heading": "Reset Your Password",
    "description": {
      "pre": "We have sent reset password email to ",
      "post": ". Please click the reset password link to set your new password."
    },
    "footer": {
      "pre": "Didn’t receive the email yet?",
      "post": "Please check your spam folder, or resend the email.",
      "resendBtnColor": "rgb(222, 66, 121)"
    },
    "responseSuccMsg": "check your email for verification code"
  }
}
