{
  "baseUrl": "http://localhost:3000",
  "projectId": "1v8tyf",
  "integrationFolder": "cypress/tests/",
  "viewportHeight": 1000,
  "viewportWidth": 1280,
  "defaultCommandTimeout": 10000,
  "retries": {
    "runMode": 2,
    "openMode": 1
  },
  "ignoreTestFiles": [],
  "testFiles": [
    "**/e2e/header.spec.js",
    "**/e2e/footer.spec.js",
    "**/e2e/home.spec.js",
    "**/e2e/sign-in-popup.spec.js",
    "**/e2e/build-marketable-profile.spec.js",
    "**/e2e/educator-partner.spec.js",
    "**/e2e/employer-partner.spec.js",
    "**/e2e/discover-interest.spec.js",
    "**/e2e/explore-programs.spec.js",
    "**/e2e/find-opportunities.spec.js"
  ],
  "theme": "dark",
  "env":{
    "email": "vaibhav.katariya@accionlabs.com",
    "password": "Accion@123"
  }
}
