{
  "tags": {
    "allowUnknownTags": true,
    "dictionaries": ["jsdoc", "closure"]
  },
  "source": {
    "include": ["src"],
    "includePattern": ".+\\.js(doc|x)?$",
    "excludePattern": "(^|\\/|\\\\)_"
  },
  "plugins": ["plugins/markdown","plugins/summarize", "jsdoc-mermaid", "node_modules/better-docs/component", "node_modules/better-docs/category"],
  "recurseDepth": 10,
  "templates": {
    "cleverLinks": false,
    "monospaceLinks": false,
    "search": true,
    "default": {
            "staticFiles": {
              "include": [
                  "./go_logo.png"
              ]
            }
        },
    "better-docs": {
      "name": "",
      "logo": "go_logo.png",
      "title": "GoEducate"
    }
  },
  "opts": {
    "encoding": "utf8",
    "destination": "docs",
    "recurse": true,
    "readme": "README.md",
    "template": "node_modules/better-docs/"
  }
}
